{
  "project_info": {
    "project_number": "23730614842",
    "firebase_url": "https://instagram-clone02-a7673-default-rtdb.firebaseio.com",
    "project_id": "instagram-clone02-a7673",
    "storage_bucket": "instagram-clone02-a7673.appspot.com"
  },
  "client": [
    {
      "client_info": {
        "mobilesdk_app_id": "1:23730614842:android:b230b85b75b7761e473b03",
        "android_client_info": {
          "package_name": "com.example.instaclone"
        }
      },
      "oauth_client": [],
      "api_key": [
        {
          "current_key": "AIzaSyA0ybQUkm-PU5wTPtG5akRv36kpr4Cat0k"
        }
      ],
      "services": {
        "appinvite_service": {
          "other_platform_oauth_client": []
        }
      }
    }
  ],
  "configuration_version": "1"
}